<beans xmlns="http://www.springframework.org/schema/beans"
	xmlns:xsi="http://www.w3.org/2001/XMLSchema-instance" 
	xmlns:osgi="http://www.springframework.org/schema/osgi"
	xmlns:util="http://www.springframework.org/schema/util" 
	xmlns:tx="http://www.springframework.org/schema/tx"
	xmlns:aop="http://www.springframework.org/schema/aop"
	xmlns:context="http://www.springframework.org/schema/context"
	xsi:schemaLocation="
       	http://www.springframework.org/schema/osgi http://www.springframework.org/schema/osgi/spring-osgi.xsd
		http://www.springframework.org/schema/beans http://www.springframework.org/schema/beans/spring-beans-3.0.xsd
		http://www.springframework.org/schema/util http://www.springframework.org/schema/util/spring-util-3.0.xsd
        http://www.springframework.org/schema/tx http://www.springframework.org/schema/tx/spring-tx-3.0.xsd
        http://www.springframework.org/schema/aop http://www.springframework.org/schema/aop/spring-aop-3.0.xsd
        http://www.springframework.org/schema/context http://www.springframework.org/schema/context/spring-context-3.0.xsd" >
	
	
<!-- 	<bean id="baseDao" class="com.ibm.db2.rca.BaseDAOImpl"> -->
		
<!-- 	</bean> -->
	
	<bean id="dataSource" class="org.apache.commons.dbcp.BasicDataSource" destroy-method="close">
        <property name="driverClassName" value="${jdbc.driverClassName}"/>
        <property name="url" value="${jdbc.url}"/>
        <property name="username" value="${jdbc.username}"/>
        <property name="password" value="${jdbc.password}"/>
    </bean>
    
    <bean class="org.springframework.beans.factory.config.PropertyPlaceholderConfigurer">
		<property name="locations">
			<list>				
				<value>classpath:jdbc.properties</value>
				<value>classpath:sql.properties</value>
			</list>
		</property>
	</bean>
	
	
	<bean id="bufferPoolDao" class="com.ibm.db2.rca.BufferPoolDAO">
		<property name="dataSource" ref="dataSource"></property>
		<property name="daoMethods">
			<util:map map-class="java.util.HashMap">
				<!-- getMaxReadResponseTime -->
				<entry key="getMaxReadResponseTime">
					<util:map map-class="java.util.HashMap">
						<entry key="sql" value="${getMaxReadResponseTime_SQL}" />
						<entry key="sqlParams">
							<util:list list-class="java.util.ArrayList">								
							</util:list>
						</entry>
					</util:map>
				</entry>
			</util:map>
		</property>
	</bean>
	
</beans>