<?xml version="1.0" encoding="UTF-8"?>
<beans:beans xmlns="http://www.springframework.org/schema/mvc"
	xmlns:xsi="http://www.w3.org/2001/XMLSchema-instance" 
	xmlns:beans="http://www.springframework.org/schema/beans"
	xmlns:context="http://www.springframework.org/schema/context"
	xmlns:aop="http://www.springframework.org/schema/aop"
	xmlns:util="http://www.springframework.org/schema/util" 
	xsi:schemaLocation="http://www.springframework.org/schema/mvc http://www.springframework.org/schema/mvc/spring-mvc-3.0.xsd
		http://www.springframework.org/schema/util http://www.springframework.org/schema/util/spring-util-3.0.xsd
		http://www.springframework.org/schema/beans http://www.springframework.org/schema/beans/spring-beans-3.0.xsd
		http://www.springframework.org/schema/context http://www.springframework.org/schema/context/spring-context-3.0.xsd
		http://www.springframework.org/schema/aop http://www.springframework.org/schema/aop/spring-aop-3.0.xsd">

	
	<!-- DispatcherServlet Context: defines this servlet's request-processing 
		infrastructure -->

	<!-- Enables the Spring MVC @Controller programming model -->
	<annotation-driven/>
	
	<default-servlet-handler/>
	
	<beans:bean scope="session" id="performanceDegradationRootCauseAnalyzer" class="com.ibm.db2.rca.service.analyze.PerformanceDegradationRootCauseAnalyzer">
		<aop:scoped-proxy/>
	</beans:bean>
	
	<context:component-scan base-package="com.ibm.db2.rca" />

	
	<!-- Maps '/' requests to the 'index.html' view -->
	
	<view-controller path="/" view-name="index"/>
	
	

	<!-- Handles HTTP GET requests for /resources/** by efficiently serving 
		up static resources in the ${webappRoot}/resources directory -->
	<resources mapping="/resources/**" location="/resources/" order="3"/>

	<!-- Resolves views selected for rendering by @Controllers to .jsp resources 
		in the /WEB-INF/views directory -->
	<beans:bean class="org.springframework.web.servlet.view.InternalResourceViewResolver" >
		<beans:property name="order" value="2" />
		<beans:property name="prefix" value="WEB-INF/jsps/" />
		<beans:property name="suffix" value=".jsp" />		
	</beans:bean>
	
	
	<!-- Only needed because we require fileupload in the org.springframework.samples.mvc.fileupload package -->
	<beans:bean id="multipartResolver" class="org.springframework.web.multipart.commons.CommonsMultipartResolver" />

	<beans:bean id="contentNegotiationManager" class="org.springframework.web.servlet.view.ContentNegotiatingViewResolver">
	  	<beans:property name="order" value="1" />
<!-- 	    <property name="defaultContentType" value="application/json" /> -->
	    <beans:property name="useJaf" value="true" />
		<beans:property name="mediaTypes">
			<util:map map-class="java.util.HashMap">
			   <beans:entry key="json" value="application/json"/>
			</util:map>
	  	</beans:property>
 
 	  <beans:property name="defaultViews">	  
		<util:list list-class="java.util.ArrayList">		
		  <!-- JSON View -->
		  <beans:bean class="org.springframework.web.servlet.view.json.MappingJackson2JsonView">
			<beans:property name="extractValueFromSingleKeyModel" value="true" />
		  </beans:bean>
		 </util:list>		 
	  </beans:property>	  
	  <beans:property name="ignoreAcceptHeader" value="true" /> 
	</beans:bean>

</beans:beans>
