<beans xmlns="http://www.springframework.org/schema/beans"
	xmlns:xsi="http://www.w3.org/2001/XMLSchema-instance" 
	xmlns:osgi="http://www.springframework.org/schema/osgi"
	xmlns:util="http://www.springframework.org/schema/util" 
	xmlns:tx="http://www.springframework.org/schema/tx"
	xmlns:aop="http://www.springframework.org/schema/aop"
	xmlns:context="http://www.springframework.org/schema/context"
	xmlns:jee="http://www.springframework.org/schema/jee"
	xsi:schemaLocation="
       	http://www.springframework.org/schema/osgi http://www.springframework.org/schema/osgi/spring-osgi.xsd
		http://www.springframework.org/schema/beans http://www.springframework.org/schema/beans/spring-beans-3.0.xsd
		http://www.springframework.org/schema/util http://www.springframework.org/schema/util/spring-util-3.0.xsd
        http://www.springframework.org/schema/tx http://www.springframework.org/schema/tx/spring-tx-3.0.xsd
        http://www.springframework.org/schema/aop http://www.springframework.org/schema/aop/spring-aop-3.0.xsd
        http://www.springframework.org/schema/context http://www.springframework.org/schema/context/spring-context-3.0.xsd
        http://www.springframework.org/schema/jee http://www.springframework.org/schema/jee/spring-jee-3.0.xsd" >
	
	
<!-- 	<bean id="baseDao" class="com.ibm.db2.rca.BaseDAOImpl"> -->
		
<!-- 	</bean> -->
	
<!-- 	<bean id="dataSource" class="org.apache.commons.dbcp.BasicDataSource" destroy-method="close"> -->
<!--         <property name="driverClassName" value="${jdbc.driverClassName}"/> -->
<!--         <property name="url" value="${jdbc.url}"/> -->
<!--         <property name="username" value="${jdbc.username}"/> -->
<!--         <property name="password" value="${jdbc.password}"/> -->
<!--     </bean> -->


    	<jee:jndi-lookup id="dataSource" jndi-name="jdbc/sqldb"/>
    
    
<!--     <bean id="dataSource" class="org.springframework.jdbc.datasource.WebSphereDataSourceAdapter"> -->
<!--         <property name="targetDataSource" ref="WASdataSource"/> -->
<!-- 	</bean> -->
	
<!-- 	<bean id="dataSource" class="org.springframework.jdbc.datasource.WebSphereDataSourceAdapter"> -->
<!-- 	   <property name="targetDataSource"> -->
<!-- 	     <bean class="org.springframework.jndi.JndiObjectFactoryBean"> -->
<!-- 	       <property name="jndiName" value="jdbc/sqldb"/> -->
<!-- 	     </bean> -->
<!-- 	   </property> -->
<!--  	</bean> -->
    
    
    <bean class="org.springframework.beans.factory.config.PropertyPlaceholderConfigurer">
		<property name="locations">
			<list>				
				<value>classpath:sql.properties</value>
			</list>
		</property>
	</bean>
	
	<bean id="namedParameterJdbcTemplate" class="org.springframework.jdbc.core.namedparam.NamedParameterJdbcTemplate">
    	<constructor-arg ref="dataSource"/>
    </bean> 
	
	<bean id="bufferPoolDao" class="com.ibm.db2.rca.service.analyze.component.bufferpool.BufferPoolDao">
		
<!-- 		<property name="namedParameterJdbcTemplate" ref="namedParameterJdbcTemplate"/> -->
		
		<constructor-arg ref="namedParameterJdbcTemplate"/>
		
		<property name="daoMethods">
			<util:map map-class="java.util.HashMap">
				<!-- getMaxReadResponseTime -->
				<entry key="getMaxReadResponseTime">
					<bean class="com.ibm.db2.rca.dao.DaoMethodConfig">
						<property name="sql" value="${getMaxReadResponseTime_SQL}" />						
					</bean>
				</entry>
			</util:map>
		</property>
	</bean>
	
	
	<bean id="performanceDegradationRootCauseAnalyzerDao" class="com.ibm.db2.rca.service.analyze.PerformanceDegradationRootCauseAnalyzerDao">

		<constructor-arg ref="namedParameterJdbcTemplate"/>

		<property name="daoMethods">
		
			<util:map map-class="java.util.HashMap">
			
				<!-- queryMonitoredDataForAllComponents_LevelDatabase -->
				
				<entry key="queryMonitoredDataForAllComponents_LevelDatabase" >
					
					<bean class="com.ibm.db2.rca.dao.DaoMethodConfig">

						<property name="sql" value="${queryMonitoredDataForAllComponents_LevelDatabase_RnCn_SQL}"/>
						
						<property name="sqlParams">
							<util:list list-class="java.util.ArrayList">
								<value>startDateTime</value>
								<value>endDateTime</value>								
								<value>dbName</value>
							</util:list>
						</property>
						
						<property name="cardinality" value="RnCn"/>

						<property name="listOfOutputSqlColumns">
						
							<util:list list-class="java.util.ArrayList">								
								<value>SUM_POOL_READ_TIME</value>
								<value>SUM_POOL_WRITE_TIME</value>								
								<value>SUM_DIRECT_READ_TIME</value>
								<value>SUM_DIRECT_WRITE_TIME</value>
								
								<value>SUM_LOG_WRITE_TIME</value>								
								<value>SUM_LOG_DISK_WAIT_TIME</value>
								<value>SUM_LOG_DISK_WRITE_TIME</value>
								<value>SUM_LOG_BUFFER_WAIT_TIME</value>		
														
								<value>TOTAL_SECTION_PROC_TIME</value>								
								<value>SUM_TOTAL_SORT_TIME</value>		
								<value>TOTAL_COMMIT_PROC_TIME</value>		
								<value>TOTAL_COMPILE_PROC_TIME</value>
								
								<value>SUM_LOCK_WAIT_TIME</value>		
								<value>SUM_LATCH_WAIT_TIME</value>
																			
								<value>SUM_TCPIP_SEND_WAIT_TIME</value>		
								<value>SUM_TCPIP_RECV_WAIT_TIME</value>
								<value>SUM_IPC_SEND_WAIT_TIME</value>		
								<value>SUM_IPC_RECV_WAIT_TIME</value>			
							</util:list>
							
						</property>
						
					</bean>
					
				</entry> <!-- queryMonitoredDataForAllComponents_LevelDatabase ends -->
				
			</util:map> <!-- Map ends -->
			
		</property> <!-- daoMethods ends -->
		
		
		
		
	</bean>
	
</beans>